Wylie;Fritz;55020
Sawyer;Julian;60458
Zachary;Hamish;47530
Bevis;Martin;51428
Xantha;Mariko;42344
Nissim;Kirestin;36386
Maggie;Bruno;23677
Desiree;Susan;05487
Mira;Mechelle;89869
Unity;Leigh;54935
Barrett;Shoshana;77000
Odysseus;Kuame;37586
Hedwig;Kyle;36522
Tatum;Boris;74141
Phillip;Vivian;13072
Arden;Kelly;32794
Daphne;Lewis;12468
Troy;Quail;82768
Kimberley;Zahir;71370
Ciaran;Merritt;65895
Catherine;Meghan;41738
Blossom;Sierra;24111
Eagan;Flynn;89678
Stacy;Talon;94586
Cara;Joel;92342
Keely;Madeson;14657
Lucy;Jennifer;42438
Pearl;Hanae;48514
Dominic;Zahir;57732
Violet;Chantale;85564
Silas;Price;29588
Linus;James;32600
Hu;Kaseem;88578
Brandon;Cullen;48231
Keely;Shaeleigh;35612
Daniel;Yuri;48163
Jameson;Leslie;13280
Chiquita;Solomon;17745
Tate;Amber;34244
Daphne;Wynter;54719
Justina;Maisie;11186
Stella;Robert;24664
Francesca;Scarlett;58778
Linda;Althea;57458
Holmes;Zenaida;38548
Kellie;Margaret;00795
Griffith;Kenneth;68341
Alice;Ahmed;71790
Colby;Kato;07549
Beau;Emily;83866
Kylie;Dai;02557
Benedict;Ulysses;26633
Julian;Fiona;05282
Sydney;Cruz;68348
Leandra;Maggie;50858
Emery;Addison;66554
Vincent;Zelenia;82376
Todd;Astra;32683
Raja;Indigo;03250
Deanna;Sylvester;81478
Howard;Jerome;34357
Nita;Stephanie;95582
Jael;Danielle;16821
Clementine;Lenore;71250
Tatiana;Amal;03631
Oleg;Walker;13286
Julian;Rudyard;64232
Risa;Mari;12676
Gil;Salvador;27647
Destiny;Hope;46906
Kim;Blossom;32780
Brett;Samantha;24791
Myles;Nichole;66127
Lars;Acton;58147
Raymond;Lael;21447
Drake;Jared;27820
Jaden;Ezekiel;77256
Hedley;Jena;46721
Hanna;Gillian;82951
Ishmael;Deborah;68382
Lance;Zorita;42464
Wynne;Dara;33751
Daryl;Kelsie;46342
Cain;Hedley;82194
Martena;Hakeem;62778
Josiah;Hedda;40226
Xander;Darius;91491
Wesley;Roanna;53210
Elmo;Theodore;16478
Alma;Courtney;15951
Mallory;Violet;85845
Cairo;Alika;96671
Imani;Orson;45989
Kenneth;Neil;93865
Dai;Nehru;48685
Iliana;Haley;25270
Tatiana;Linus;89959
Penelope;Ethan;65385
Lucian;Todd;36832
Chelsea;Olivia;14741